"rules","support","confidence","coverage","lift","count"
"{berries} => {whipped/sour cream}",0.0090493136756482,0.27217125382263,0.033248601931876,3.7968855054547,89
"{berries} => {yogurt}",0.010574478901881,0.318042813455657,0.033248601931876,2.27984771890408,104
"{berries} => {other vegetables}",0.0102694458566345,0.308868501529052,0.033248601931876,1.59628045850669,101
"{berries} => {whole milk}",0.0117946110828673,0.35474006116208,0.033248601931876,1.38832809452012,116
